"co_isic_secao","no_isic_secao","co_cuci_pos","no_cuci_pos"
"C","Indústria de Transformação","785","Motocicletas, bicicletas motorizadas ou não e veículos para inválidos"
"C","Indústria de Transformação","513","Ácidos carboxílicos e seus anidridos, halogenetos, peróxidos e perácidos e seus derivados"
"C","Indústria de Transformação","541","Medicamentos e produtos farmacêuticos, exceto veterinários"
"C","Indústria de Transformação","774","Aparelho eletrodiagnósticos para usos medicinais, cirúrgicos, dentários ou veterinários, e aparelho radiológico"
"C","Indústria de Transformação","727","Máquinas de processamento de alimentos (excluindo domésticas), e suas partes"
"C","Indústria de Transformação","251c","Celulose"
"C","Indústria de Transformação","763","Aparelhos de gravação de som ou de reprodução, gravação de vídeo ou de reprodução, mesmo incorporando um receptor de sinais de vídeo"
"C","Indústria de Transformação","091","Margarina e reduções"
"C","Indústria de Transformação","277c","Outros abrasivos naturais"
"A","Agropecuária","061a","Mel natural"
"C","Indústria de Transformação","111","Outras bebidas não-alcoólicas"
"C","Indústria de Transformação","285c","Alumina (óxido de alumínio), exceto corindo artificial"
"B","Indústria Extrativa","321","Carvão, mesmo em pó, mas não aglomerado"
"C","Indústria de Transformação","782","Veículos automóveis para transporte de mercadorias e usos especiais"
"C","Indústria de Transformação","885","Relógios"
"C","Indústria de Transformação","894","Carrinhos de bebê, brinquedos, jogos e artigos esportivos"
"C","Indústria de Transformação","012c1","Carnes de aves e suas miudezas comestíveis, frescas, refrigeradas ou congeladas"
"C","Indústria de Transformação","652","Tecidos de algodão, telas (não incluindo as fitas ou especiais)"
"C","Indústria de Transformação","692","Recipientes de metal para armazenamento ou transporte"
"C","Indústria de Transformação","223c","Outras farinhas e pós de sementes oleaginosas"
"C","Indústria de Transformação","422","Gorduras e óleos vegetais, em bruto, refinados ou fracionados (excluídos ""soft"")"
"C","Indústria de Transformação","344","Gás de petróleo e outros hidrocarbonetos gasosos"
"C","Indústria de Transformação","846","Acessórios, de tecidos têxteis, mesmo de malha (exceto para bebês)"
"C","Indústria de Transformação","693","Produtos de fiação (excluindo fiação elétrica isolados) e grelhas de esgrima"
"C","Indústria de Transformação","672","Produtos semi-acabados, lingotes e outras formas primárias de ferro ou aço"
"C","Indústria de Transformação","581","Tubos, canos e mangueiras, e seus acessórios, de matérias plásticas"
"C","Indústria de Transformação","272c","Nitrato de sódio"
"C","Indústria de Transformação","016","Outras carnes comestíveis salgadas, em salmoras, secas ou defumadas"
"D","Outros Produtos","261d","Desperdícios de seda ou casulos de bicho da seda"
"C","Indústria de Transformação","653","Tecidos, tramas, de matérias têxteis sintéticas ou artificiais (não incluídas as fitas ou especiais)"
"C","Indústria de Transformação","663","Outros artigos de materiais minerais"
"C","Indústria de Transformação","884","Lentes e itens óticos"
"C","Indústria de Transformação","073","Chocolate e outras preparações alimentícias contendo cacau"
"C","Indústria de Transformação","284c","Mates de níquel, sinters de óxidos de níquel e outros produtos do níquel"
"C","Indústria de Transformação","844","Casacos femininos e infantis, capas, jaquetas, ternos, calças, shorts, camisas, vestidos e saias, roupa interior, de dormir e artigos semelhantes de tecidos, de malha"
"C","Indústria de Transformação","582","Chapas, folhas, películas, tiras e lâminas, de plásticos"
"C","Indústria de Transformação","718","Máquinas de geração de energia e suas partes"
"C","Indústria de Transformação","667","Pérolas e pedras preciosas ou semipreciosas, em bruto ou trabalhadas"
"C","Indústria de Transformação","778","Máquinas e aparelhos elétricos"
"C","Indústria de Transformação","122","Charutos, cigarros e outros produtos de tabaco"
"A","Agropecuária","075","Especiarias"
"C","Indústria de Transformação","054c","Produtos hortícolas cozidos, congelados ou conservados transitoriamente"
"C","Indústria de Transformação","711","Caldeiras de geradores de vapor, caldeiras de água sobreaquecida, aparelhos auxiliares e suas partes"
"C","Indústria de Transformação","831","Malas, pastas, estojos e sacos de viagem; bolsas e artefatos semelhantes"
"A","Agropecuária","043","Cevada, não moída"
"C","Indústria de Transformação","047","Ração ou farinha de outros cereais"
"A","Agropecuária","223a","Outras sementes oleaginosas de copra ou linhaça"
"A","Agropecuária","057","Frutas e nozes não oleaginosas, frescas ou secas"
"C","Indústria de Transformação","335","Produtos residuais de petróleo e materiais relacionados"
"C","Indústria de Transformação","232c","Borrachas sintéticas"
"C","Indústria de Transformação","514","Compostos de função nitrogênio"
"C","Indústria de Transformação","783","Veículos rodoviários"
"C","Indústria de Transformação","745","Máquinas não elétricas, ferramentas e aparelhos mecânicos, e suas partes, n.e.p."
"C","Indústria de Transformação","776","Válvulas e tubos termiônicas, de cátodo frio ou foto-cátodo, diodos, transistores"
"C","Indústria de Transformação","821","Móveis e suas partes; roupas de cama, colchões, suportes de colchão, almofadas e semelhantes"
"C","Indústria de Transformação","792","Aeronaves e outros equipamentos, incluindo suas partes"
"C","Indústria de Transformação","761","Monitores e projetores, aparelhos receptores de televisão, aparelhos de som para gravação ou reprodução"
"C","Indústria de Transformação","666","Olaria"
"C","Indústria de Transformação","012c2","Carne suína fresca, refrigerada ou congelada"
"C","Indústria de Transformação","851","Calçados"
"C","Indústria de Transformação","532","Extratos para tingimento e curtimento e materiais sintéticos de bronzeamento"
"C","Indústria de Transformação","211c","Couros e peles em bruto"
"A","Agropecuária","247a","Madeira em bruto"
"C","Indústria de Transformação","971","Ouro, não monetário (excluindo minérios de ouro e seus concentrados)"
"C","Indústria de Transformação","664","Vidro"
"C","Indústria de Transformação","696","Talheres"
"D","Outros Produtos","211d","Resíduos de couro ou couro usado"
"C","Indústria de Transformação","691","Estruturas e partes de estruturas, de ferro, aço ou alumínio"
"B","Indústria Extrativa","281b","Minério de ferro e seus concentrados"
"C","Indústria de Transformação","961","Moedas (exceto de ouro), sem curso legal"
"C","Indústria de Transformação","542","Outros medicamentos, incluindo veterinários"
"C","Indústria de Transformação","684","Alumínio"
"C","Indústria de Transformação","531","Matérias corantes sintéticas e lacas corantes e suas preparações "
"C","Indústria de Transformação","775","Equipamentos elétricos e não elétricos de uso doméstico"
"C","Indústria de Transformação","533","Pigmentos, tintas, vernizes e materiais relacionados"
"C","Indústria de Transformação","665","Vidraria"
"C","Indústria de Transformação","634","Folheados, contraplacados, aglomerados, e outras madeiras, trabalhados"
"C","Indústria de Transformação","222c","Amendoins"
"C","Indústria de Transformação","071c","Café torrado, extratos, essências e concentrados de café"
"C","Indústria de Transformação","597","Preparações lubrificantes, aditivos para óleos minerais e similares, líquidos de transmissões hidráulicas, preparações anticongelantes"
"C","Indústria de Transformação","686","Zinco"
"B","Indústria Extrativa","283b","Minérios de cobre e seus concentrados"
"C","Indústria de Transformação","034c","Filés ou outras carnes de peixes congelados, frescos ou refrigerados"
"C","Indústria de Transformação","554","Sabão, preparações de limpeza e de polimento"
"C","Indústria de Transformação","112","Bebidas alcoólicas"
"C","Indústria de Transformação","421","Gorduras e óleos vegetais, ""soft"", bruto, refinado ou fracionado"
"C","Indústria de Transformação","872","Instrumentos e aparelhos para usos medicinais, cirúrgicos, dentários ou veterinários"
"C","Indústria de Transformação","871","Instrumentos óticos e aparelhos"
"C","Indústria de Transformação","689","Metais não-ferrosos diversos empregados na metalurgia e cermets"
"C","Indústria de Transformação","771","Máquinas de energia elétrica (exceto planta elétrica rotativa do grupo 716) e suas partes"
"C","Indústria de Transformação","074c","Chá, mesmo aromatizado"
"A","Agropecuária","074a","Mate, extrato, essência e concentrado"
"C","Indústria de Transformação","793c","Plataformas, embarcações e outras estruturas flutuantes"
"B","Indústria Extrativa","287","Outros minérios e concentrados dos metais de base"
"C","Indústria de Transformação","712","Turbinas a vapor e outras turbinas a vapor e suas partes"
"D","Outros Produtos","282","Resíduos e sucata de metais ferrosos"
"C","Indústria de Transformação","212","Peles finas em bruto"
"C","Indústria de Transformação","741","Aquecimento e resfriamento de equipamentos e suas partes"
"C","Indústria de Transformação","515","Compostos organo-inorgânicos, compostos heterocíclicos, ácidos nucléicos e seus sais, e sulfonamidas"
"C","Indústria de Transformação","784","Partes e acessórios dos veículos automotivos"
"C","Indústria de Transformação","551","Óleos essenciais, matérias de perfume e sabor "
"C","Indústria de Transformação","737","Máquinas para metalurgia (exceto máquinas-ferramentas) e suas partes"
"C","Indústria de Transformação","681","Prata, platina e outros metais do grupo da platina"
"C","Indústria de Transformação","841","Casacos masculinos ou infantis, capas, jaquetas, ternos, blazers, calças, shorts, camisas, roupas íntimas, roupa de dormir e artigos semelhantes de tecidos, exceto de malha (exceto os do subgrupo 845.2)"
"C","Indústria de Transformação","613","Peles finas curtidas ou acabadas, não montadas ou montadas sem a adição de outros materiais"
"D","Outros Produtos","793d","Embarcações e outras estruturas flutantes para desmantelar"
"A","Agropecuária","036a","Crustáceos não congelados comestíveis"
"C","Indústria de Transformação","261c","Seda"
"B","Indústria Extrativa","322b","Linhita e turfa"
"C","Indústria de Transformação","662","Materiais de construção de argila e materiais de construção refratários"
"C","Indústria de Transformação","431","Outras gorduras e óleos animais ou vegetais, processados, ceras, misturas ou preparações não alimentícias"
"C","Indústria de Transformação","283c","Mates e precipitado de cobre"
"C","Indústria de Transformação","764","Equipamentos de telecomunicações, incluindo peças e acessórios"
"D","Outros Produtos","232d","Desperdícios e resíduo de borrachas"
"D","Outros Produtos","291d","Ossos, chifres, marfim, cascos, garras, coral, conchas e outros semelhantes"
"C","Indústria de Transformação","752","Máquinas de processamento automático de dados e suas unidades, para registrar dados, leitores magnéticos ou óticos"
"A","Agropecuária","001","Animais vivos, não incluído pescados ou crustáceos"
"C","Indústria de Transformação","744","Equipamento mecânico para manuseio, elevação, guinchos e suas partes"
"A","Agropecuária","044","Milho não moído, exceto milho doce"
"C","Indústria de Transformação","017","Despojos comestíveis de carnes, preparados ou preservados"
"C","Indústria de Transformação","747","Torneiras, válvulas e dispositivos semelhantes para canalizações, caldeiras, reservatórios, cubas e outros recipientes"
"D","Outros Produtos","892","Material impresso"
"C","Indústria de Transformação","266","Fibras sintéticas adequadas para a fiação"
"C","Indústria de Transformação","267c","Fibras artificiais adequadas para fiação"
"C","Indústria de Transformação","714","Motores e máquinas não elétricos, e suas partes (exceto motores de pistão e geradores) "
"C","Indústria de Transformação","781","Veículos automóveis de passageiros"
"D","Outros Produtos","269","Roupas e outros artigos têxteis usados, incluindo trapos"
"A","Agropecuária","041","Trigo e centeio, não moídos"
"C","Indústria de Transformação","674","Produtos laminados planos de ferro ou aço não ligado, folheados ou chapeados, ou revestidos"
"C","Indústria de Transformação","772","Aparelhos elétricos para ligação, proteção ou conexão de circuitos"
"C","Indústria de Transformação","583","Monofilamentos (corte superior a 1 mm), varas, bastões e perfis, mesmo trabalhados à superfície, mas sem qualquer outro trabalho, de plásticos"
"C","Indústria de Transformação","516","Outros produtos químicos orgânicos"
"C","Indústria de Transformação","655","Tecidos de malha (incluindo tecidos tubulares de malha, veludos e tecidos abertos)"
"C","Indústria de Transformação","695","Ferramentas para uso manual ou em máquinas"
"C","Indústria de Transformação","511","Outros hidrocarbonetos e seus derivados halogenados, sulfonados, nitrados ou nitrosados"
"C","Indústria de Transformação","525","Materiais radioativos e associados"
"C","Indústria de Transformação","843","Casacos masculinos e infantis, capas, jaquetas, ternos, blazers, calças, shorts, camisas, roupa interior, vestuário e artigos semelhantes de tecidos, de malha"
"C","Indústria de Transformação","735","Peças e acessórios destinados a máquinas e porta-ferramentas"
"D","Outros Produtos","278d","Outras escórias ou desperdícios de minerais"
"D","Outros Produtos","072d","Cascas, películas e outros desperdícios de cacau"
"C","Indústria de Transformação","676","Barras de ferro e aço, barras, cantoneiras e perfis (incluindo estacas-prancha)"
"C","Indústria de Transformação","035","Pescado, seco, salgado, em salmoura, defumado, ou preparados comestíveis"
"C","Indústria de Transformação","683","Níquel"
"C","Indústria de Transformação","848","Artigos de vestuário e seus acessórios de outros tecidos, ou chapelaria de todos os materiais"
"D","Outros Produtos","121d","Desperdícios de tabaco"
"C","Indústria de Transformação","673","Produtos laminados planos de ferro ou aço não ligado, não folheados ou chapeados, ou revestidos"
"D","Outros Produtos","882d","Outros suprimentos fotográficos"
"A","Agropecuária","042a","Arroz com casca, paddy ou em bruto"
"C","Indústria de Transformação","677","Trilhos ou elementos de vias férreas, de ferro ou aço"
"C","Indústria de Transformação","281c","Piritas de ferro torradas (cinders)"
"C","Indústria de Transformação","671","Ferro-gusa, spiegel, ferro-esponja, grânulos e pó de ferro ou aço e ferro-ligas"
"C","Indústria de Transformação","524","Outros produtos químicos inorgânicos; compostos orgânicos e inorgânicos de metais preciosos"
"C","Indústria de Transformação","658","Artigos confeccionados, total ou principalmente de matérias têxteis"
"C","Indústria de Transformação","629","Outros artigos de borracha"
"C","Indústria de Transformação","072c","Cacau em pó, manteiga ou pasta de cacau"
"C","Indústria de Transformação","633","Manufaturas de cortiça "
"C","Indústria de Transformação","011","Carne bovina fresca, refrigerada ou congelada"
"C","Indústria de Transformação","678","Fios de ferro ou aço"
"A","Agropecuária","263a","Algodão em bruto"
"C","Indústria de Transformação","713","Motores de pistão, e suas partes"
"C","Indústria de Transformação","042c","Arroz sem casca ou semi elaborado, polido, glaceado, quebrado, parbolizado ou convertido"
"A","Agropecuária","231","Látex, borracha natural, balata, guta-percha, guaiúle, chicle e gomas naturais"
"C","Indústria de Transformação","274c","Enxofre"
"D","Outros Produtos","351","Energia elétrica"
"B","Indústria Extrativa","285b","Minérios de alumínio e seus concentrados"
"C","Indústria de Transformação","874","Instrumentos e aparelhos de medição, verificação, análise e controle"
"C","Indústria de Transformação","642","Papel e cartão, cortados em forma, e artigos de papel ou cartão"
"C","Indústria de Transformação","512","Álcoois, fenóis, fenóis-álcoois, e seus derivados halogenados, sulfonados, nitrados ou nitrosados"
"C","Indústria de Transformação","743","Bombas, centrífugas, compressores de ar, ventiladores, exaustores, aparelhos de filtrar ou depurar e suas partes"
"C","Indústria de Transformação","813","Luminárias e acessórios"
"C","Indústria de Transformação","893","Outros artigos de plásticos"
"D","Outros Produtos","251d","Desperdícios e resíduos de papel"
"C","Indústria de Transformação","746","Rolamentos de esferas ou de roletes "
"C","Indústria de Transformação","048","Preparações e cereais, de farinhas, ou amido de frutas ou vegetais"
"B","Indústria Extrativa","278b","Outros minerais em bruto"
"C","Indústria de Transformação","022","Leite, creme de leite e laticínios, exceto manteiga ou queijo"
"C","Indústria de Transformação","895","Suprimentos de escritório e papelaria"
"C","Indústria de Transformação","873","Metros e contadores"
"C","Indústria de Transformação","762","Aparelhos receptores de radiodifusão, mesmo combinados com aparelhos de reprodução ou gravação de som ou um relógio"
"C","Indústria de Transformação","572","Polímeros de estireno, em formas primárias"
"C","Indústria de Transformação","657","Fios especiais, tecidos especiais e produtos relacionados"
"C","Indústria de Transformação","882c","Suprimentos fotográficos e cinematográficos"
"D","Outros Produtos","288","Resíduos de metais de base não ferrosos e de sucata"
"C","Indústria de Transformação","621","Materiais de borracha (pastas, chapas, folhas, hastes, fios, tubos de borracha e outros)"
"C","Indústria de Transformação","059","Sucos de frutas ou de vegetais"
"D","Outros Produtos","883","Filmes cinematográficos impressos e revelados, contendo ou não gravação de som ou contendo apenas gravação de som"
"C","Indústria de Transformação","598","Outros produtos diversos das indústrias químicas"
"C","Indústria de Transformação","058","Frutas, preservados e preparações (exceto sucos de frutas)"
"C","Indústria de Transformação","699","Obras de ferro ou aço e outros artigos de metais comuns"
"C","Indústria de Transformação","726","Máquinas de impressão e encadernação e suas partes"
"C","Indústria de Transformação","659","Revestimentos de piso"
"C","Indústria de Transformação","062","Artigos de confeitaria"
"C","Indústria de Transformação","037","Outros pescado, crustáceos, moluscos, preparados ou preservados"
"C","Indústria de Transformação","121c","Tabaco, descaulificado ou desnervado"
"D","Outros Produtos","246d","Resíduos e serragens de madeira ou sucatas"
"C","Indústria de Transformação","246c","Madeira em estilhas ou partículas"
"C","Indústria de Transformação","265","Fibras têxteis vegetais (exceto algodão e juta) em bruto ou trabalhadas, não fiadas e resíduos destas fibras"
"C","Indústria de Transformação","263c","Algodão cardado, penteado ou línteres de algodão"
"C","Indústria de Transformação","661","Cal, cimento e materiais de construção fabricada (exceto materiais de vidro e barro)"
"C","Indústria de Transformação","571","Polímeros de etileno, em formas primárias"
"A","Agropecuária","245","Lenha e carvão vegetal"
"A","Agropecuária","222a2","Sementes oleaginosas de girassol, gergelim, canola, algodão e outras"
"B","Indústria Extrativa","284b","Minérios de níquel  e seus concentrados"
"D","Outros Produtos","267d","Resíduos de fibras sintéticas ou artificiais"
"A","Agropecuária","072a","Cacau em bruto ou torrado"
"C","Indústria de Transformação","721","Máquinas agrícolas (com exceção dos tractores) e suas partes"
"C","Indústria de Transformação","773","Equipamento para distribuição de energia elétrica"
"C","Indústria de Transformação","523","Sais e peroxossais, de ácidos inorgânicos e metais"
"C","Indústria de Transformação","881","Aparelhos fotográficos e equipamentos"
"D","Outros Produtos","334d","Refugos de petróleo"
"D","Outros Produtos","599","Outros produtos residuais das indústrias químicas, resíduos urbanos, lodo de esgoto e outros resíduos"
"C","Indústria de Transformação","023","Manteiga e outras gorduras e óleos derivados do leite"
"C","Indústria de Transformação","268c","Lã e pelos cardados ou penteados e outras lãs"
"A","Agropecuária","264a","Juta e outras fibras têxteis liberianas em bruto"
"C","Indústria de Transformação","081c","Farelos de soja e outros alimentos para animais (excluídos cereais não moídos), farinhas de carnes e outros animais"
"C","Indústria de Transformação","651","Fios têxteis"
"C","Indústria de Transformação","562","Adubos ou fertilizantes químicos (exceto fertilizantes brutos)"
"A","Agropecuária","268a","Lã e pelos em bruto"
"C","Indústria de Transformação","325","Coques e semi-coques, incluindo resíduos de hulha, de linhita ou de turfa, e carvão de retorta"
"C","Indústria de Transformação","024","Queijo e coalhada"
"C","Indústria de Transformação","593","Explosivos e produtos pirotécnicos"
"D","Outros Produtos","896","Obras de arte, peças de coleção e antiguidades"
"C","Indústria de Transformação","247c","Madeira esquadriada, tratada com tinta, corantes ou agentes de conservação"
"C","Indústria de Transformação","679","Tubos e perfis ocos, e acessórios para tubos, de ferro ou aço"
"C","Indústria de Transformação","641","Papel e cartão"
"C","Indústria de Transformação","575","Outras matérias plásticas em formas primárias"
"C","Indústria de Transformação","098","Outros produtos comestíveis e preparações"
"C","Indústria de Transformação","791","Veículos ferroviários e equipamentos associados"
"C","Indústria de Transformação","682","Cobre"
"C","Indústria de Transformação","056","Legumes, raízes e tubérculos, preparados ou conservados"
"C","Indústria de Transformação","012c3","Outras carnes e miudezas comestíveis, frescas, refrigeradas ou congeladas"
"C","Indústria de Transformação","291c","Matérias brutas de animais"
"C","Indústria de Transformação","694","Pregos, parafusos, porcas, parafusos, rebites e semelhantes, de ferro, aço, cobre ou alumínio"
"C","Indústria de Transformação","574","Poliacetais, outros poliéteres e resinas epóxidas; policarbonatos, resinas alquídicas e outros poliésteres; em formas primárias"
"A","Agropecuária","034a","Pescado inteiro vivo, morto ou refrigerado"
"C","Indústria de Transformação","786","Reboques e semi-reboques; outros veículos de propulsão não-mecânica; contentores de transporte especialmente concebidos e equipados"
"C","Indústria de Transformação","675","Produtos laminados planos, de ligas de aço"
"C","Indústria de Transformação","573","Polímeros de cloreto de vinila ou de outras olefinas halogenadas, em formas primárias"
"C","Indústria de Transformação","248","Madeira, parcialmente trabalhada e dormentes de madeira"
"D","Outros Produtos","289d","Desperdícios e resíduos de metais preciosos (exceto ouro)"
"A","Agropecuária","121a","Tabaco em bruto"
"B","Indústria Extrativa","274b","Pirites de ferro não torrados"
"C","Indústria de Transformação","716","Geradores elétricos giratórios e suas partes"
"C","Indústria de Transformação","334c","Óleos combustíveis de petróleo ou de minerais betuminosos (exceto óleos brutos)"
"C","Indústria de Transformação","759","Peças e acessórios (exceto estojos, capas e semelhantes) para a máquinas de processamento de dados ou máquinas de escritórios"
"C","Indústria de Transformação","723","Instalações e equipamentos de engenharia civil e contrutores, e suas partes"
"C","Indústria de Transformação","061c","Açúcares e melaços"
"C","Indústria de Transformação","728","Outras máquinas e equipamentos especializados para determinadas indústrias e suas partes"
"C","Indústria de Transformação","656","Tules, rendas, bordados, fitas, guarnições e armarinhos"
"C","Indústria de Transformação","687","Estanho"
"D","Outros Produtos","263d","Desperdícios de algodão"
"C","Indústria de Transformação","264c","Outras fibras têxteis trabalhadas"
"C","Indústria de Transformação","046","Ração ou farinha de trigo e centeio"
"A","Agropecuária","222a1","Soja"
"C","Indústria de Transformação","322c","Briquetes, bólides e combustiveis sólidos semelhantes a partir do carvão"
"B","Indústria Extrativa","277b","Diamantes industriais, trabalhados ou não"
"C","Indústria de Transformação","244","Cortiça, natural, crua e resíduos (incluindo a cortiça natural em blocos ou folhas)"
"D","Outros Produtos","345","Gás de carvão, gás de água, gás de produção e semelhantes, exceto gases de petróleo e outros hidrocarbonetos gasosos"
"C","Indústria de Transformação","842","Casacos femininos e infantis, capas, jaquetas, ternos, calças, shorts, camisas, vestidos e saias, roupa interior, roupa de dormir e artigos semelhantes de tecidos, de malha (exceto os do subgrupo 845.2)"
"C","Indústria de Transformação","553","Produtos de perfumaria ou de toucador, exceto sabonetes"
"C","Indústria de Transformação","654","Outras obras têxteis"
"C","Indústria de Transformação","899","Outros artigos manufaturados diversos,"
"B","Indústria Extrativa","273","Pedra, areia e cascalho"
"C","Indústria de Transformação","591","Inseticidas, rodenticidas, fungicidas, herbicidas, reguladores de crescimento para plantas, desinfetantes e semelhantes"
"C","Indústria de Transformação","891","Armas e munições"
"C","Indústria de Transformação","611","Couro"
"C","Indústria de Transformação","625","Pneus de borracha, bandas de rodagem intercambiáveis, flaps e câmaras de ar para rodas "
"A","Agropecuária","292a","Matérias vegetais em bruto"
"D","Outros Produtos","081d","Resíduos vegetais, feno, forragens e outros farelos"
"B","Indústria Extrativa","272b","Fertilizantes brutos (exceto adubos)"
"C","Indústria de Transformação","742","Bombas para líquidos, elevadores de líquidos e suas partes"
"C","Indústria de Transformação","748","Veios de transmissão e manivelas, engrenagens, rodas de fricção, volantes, polias, embreagens, elos articulados e suas partes"
"C","Indústria de Transformação","811","Construções pré-fabricadas"
"C","Indústria de Transformação","697","Equipamentos domésticos de metais comuns"
"B","Indústria Extrativa","333","Óleos brutos de petróleo ou de minerais betuminosos, crus"
"C","Indústria de Transformação","342","Propano e butano liquefeito"
"B","Indústria Extrativa","289b","Minérios de metais preciosos e seus concentrados"
"C","Indústria de Transformação","897","Jóias, ourivesaria, seus artigos e outros artigos de matérias preciosas ou semipreciosas"
"C","Indústria de Transformação","724","Máquinas têxteis e para couro e suas partes"
"C","Indústria de Transformação","292c","Outras matérias de origem vegetal"
"C","Indústria de Transformação","635","Manufaturas de madeira"
"C","Indústria de Transformação","898","Instrumentos musicais e suas partes e acessórios, discos, fitas e outros suportes de som ou semelhantes"
"C","Indústria de Transformação","733","Máquinas-ferramentas para trabalhar metais, carbonetos metálicos sinterizados ou ceramais, sem eliminação de matéria"
"C","Indústria de Transformação","731","Maquinas que trabalham por eliminação de metal ou outro material"
"C","Indústria de Transformação","036c","Crustáceos, moluscos e invertebrados aquáticos congelados, refrigerados ou frescos, secos, salgados, em salmoura ou preparados comestíveis"
"C","Indústria de Transformação","725","Maquinaria de papel e celulose, máquinas de corte de papel e fabricação de artigos de papel, e suas partes"
"C","Indústria de Transformação","612","Selas e arreios"
"C","Indústria de Transformação","722","Tratores"
"D","Outros Produtos","579","Desperdícios, resíduos e aparas de plásticos"
"A","Agropecuária","054a","Produtos hortícolas, frescos ou refrigerados"
"C","Indústria de Transformação","749","Partes não elétricas e acessórios de máquinas"
"C","Indústria de Transformação","411","Óleos e gorduras animais"
"C","Indústria de Transformação","751","Máquinas para escritórios"
"C","Indústria de Transformação","685","Chumbo"
"B","Indústria Extrativa","343","Gás natural, liquefeito ou não"
"C","Indústria de Transformação","592","Amidos, inulina e glúten de trigo, matérias albuminóides, colas"
"A","Agropecuária","045","Centeio, aveia e outros cereais, não moídos"
"D","Outros Produtos","931","Operações especiais e commodities não classificadas de acordo com o tipo"
"C","Indústria de Transformação","522","Elementos químicos inorgânicos, óxidos e sais de halogêneos"
"C","Indústria de Transformação","845","Vestuário, de tecidos têxteis, mesmo de malha"
"C","Indústria de Transformação","812","Equipamentos e acessórios sanitários, de canalização e aquecimento"
"A","Agropecuária","071a","Café não torrado"
"C","Indústria de Transformação","025","Ovos de aves, gemas de ovos, frescos, desidratados ou preservados, adoçados ou não, e derivados"
"B","Indústria Extrativa","286","Minérios de urânio ou de tório e seus concentrados"
